"Declaracion","identificadorFuente","FechaDeclaracion","NombreDeclarante","ApellidoPaternoDeclarante","ApellidoMaternoDeclarante","Institucion","TipoDeclaracion","Cargo","CargoCalculado"
"http://datos.cplt.cl/datos/infoprobidad/declaracion_003428bdac0513507d378d8514c20a43",1221408,2024-04-07 00:00:00,"MARIA JESUS","MORALES","ALICERA","SERVEL CANDIDATOS A ELECCIONES","PRIMERA DECLARACIÓN (POR ASUNCIÓN DE CARGO)","CANDIDATO A ELECCIONES PRIMARIAS ALCALDE 2024","ALCALDE"
"http://datos.cplt.cl/datos/infoprobidad/declaracion_166f7eec813de5e8d216dfa13a630be6",1223028,2024-04-09 00:00:00,"EMILIANO","GUERRERO","TORRES","SERVEL CANDIDATOS A ELECCIONES","PRIMERA DECLARACIÓN (POR ASUNCIÓN DE CARGO)","CANDIDATO A ELECCIONES PRIMARIAS ALCALDE 2024","ALCALDE"
"http://datos.cplt.cl/datos/infoprobidad/declaracion_2102ac9cc0d70da93b6e7f66afac011a",1221045,2024-04-05 00:00:00,"CRISTIAN ALEJANDRO","HERNÁNDEZ","SCHMIDT","SERVEL CANDIDATOS A ELECCIONES","PRIMERA DECLARACIÓN (POR ASUNCIÓN DE CARGO)","CANDIDATO A ELECCIONES PRIMARIAS ALCALDE 2024","ALCALDE"
"http://datos.cplt.cl/datos/infoprobidad/declaracion_21e9323e8b8e329fddc794d67665cdcd",581681,2024-04-07 00:00:00,"MARCELO PATRICIO","AGUILERA","SOTO","SERVEL CANDIDATOS A ELECCIONES","PRIMERA DECLARACIÓN (POR ASUNCIÓN DE CARGO)","CANDIDATO A ELECCIONES PRIMARIAS ALCALDE 2024","ALCALDE"
"http://datos.cplt.cl/datos/infoprobidad/declaracion_2947b94c67db33253ff7cdc4b10d891d",1224483,2024-04-11 00:00:00,"HERNAN","ASTABURUAGA","INOSTROZA","SERVEL CANDIDATOS A ELECCIONES","PRIMERA DECLARACIÓN (POR ASUNCIÓN DE CARGO)","CANDIDATO A ELECCIONES PRIMARIAS ALCALDE 2024","ALCALDE"
"http://datos.cplt.cl/datos/infoprobidad/declaracion_46afd087671b037a9a60c6358600bcc9",1222113,2024-04-08 00:00:00,"VLADIMIR ALEJANDRO","GONZALEZ","ZULOAGA","SERVEL CANDIDATOS A ELECCIONES","PRIMERA DECLARACIÓN (POR ASUNCIÓN DE CARGO)","CANDIDATO A ELECCIONES PRIMARIAS ALCALDE 2024","ALCALDE"
"http://datos.cplt.cl/datos/infoprobidad/declaracion_52598b1dcaa7e2493146da4545c55d54",1223081,2024-04-09 00:00:00,"JUAN FRANCISCO","VILCHES","RIQUELME","SERVEL CANDIDATOS A ELECCIONES","PRIMERA DECLARACIÓN (POR ASUNCIÓN DE CARGO)","CANDIDATO A ELECCIONES PRIMARIAS ALCALDE 2024","ALCALDE"
"http://datos.cplt.cl/datos/infoprobidad/declaracion_530a804634a9fe18f8cb850cc640daf5",1220636,2024-04-09 00:00:00,"DANIEL ANDRES","BARRIA","NAHUELQUIN","SERVEL CANDIDATOS A ELECCIONES","PRIMERA DECLARACIÓN (POR ASUNCIÓN DE CARGO)","CANDIDATO A ELECCIONES PRIMARIAS ALCALDE 2024","ALCALDE"
"http://datos.cplt.cl/datos/infoprobidad/declaracion_5b7ac4e6c58481936f74db977e621c9c",1223855,2024-04-10 00:00:00,"CAMILO DANIEL","CESPEDES","GUTIERREZ ","SERVEL CANDIDATOS A ELECCIONES","PRIMERA DECLARACIÓN (POR ASUNCIÓN DE CARGO)","CANDIDATO A ELECCIONES PRIMARIAS ALCALDE 2024","ALCALDE"
"http://datos.cplt.cl/datos/infoprobidad/declaracion_6027cc7e6da12c8a613eea9772aa4b41",1222578,2024-04-08 00:00:00,"JUAN RODRIGO","FUENTES","FERNANDEZ","SERVEL CANDIDATOS A ELECCIONES","PRIMERA DECLARACIÓN (POR ASUNCIÓN DE CARGO)","CANDIDATO A ELECCIONES PRIMARIAS ALCALDE 2024","ALCALDE"
"http://datos.cplt.cl/datos/infoprobidad/declaracion_6516c9e551129f8c30437a4e88f3c69a",1223442,2024-04-10 00:00:00,"MÓNICA ELIANA DEL CARMEN","NEIRA","ELGUETA","SERVEL CANDIDATOS A ELECCIONES","PRIMERA DECLARACIÓN (POR ASUNCIÓN DE CARGO)","CANDIDATO A ELECCIONES PRIMARIAS ALCALDE 2024","ALCALDE"
"http://datos.cplt.cl/datos/infoprobidad/declaracion_68c39293ce4d07f51c5de8d2545be518",1222563,2024-04-09 00:00:00,"MARÍA CAROLINA BLANCA MARINA","CORTI","BADÍA","SERVEL CANDIDATOS A ELECCIONES","PRIMERA DECLARACIÓN (POR ASUNCIÓN DE CARGO)","CANDIDATO A ELECCIONES PRIMARIAS ALCALDE 2024","ALCALDE"
"http://datos.cplt.cl/datos/infoprobidad/declaracion_6c46fe282f54d730eef123e313f2d67f",1224073,2024-04-10 00:00:00,"JANETT ","FERNANDEZ","PIZARRO","SERVEL CANDIDATOS A ELECCIONES","PRIMERA DECLARACIÓN (POR ASUNCIÓN DE CARGO)","CANDIDATO A ELECCIONES PRIMARIAS ALCALDE 2024","ALCALDE"
"http://datos.cplt.cl/datos/infoprobidad/declaracion_7003ef5ccfd6d595306c79d87982fd3d",1223298,2024-04-10 00:00:00,"ANA CAROLINA","SANTIS","GONZÁLEZ","SERVEL CANDIDATOS A ELECCIONES","PRIMERA DECLARACIÓN (POR ASUNCIÓN DE CARGO)","CANDIDATO A ELECCIONES PRIMARIAS ALCALDE 2024","ALCALDE"
"http://datos.cplt.cl/datos/infoprobidad/declaracion_75ef954719de336d6c72b756cc52e651",1223651,2024-04-10 00:00:00,"ANDREA ANGELICA","ARAYA","SALAZAR","SERVEL CANDIDATOS A ELECCIONES","PRIMERA DECLARACIÓN (POR ASUNCIÓN DE CARGO)","CANDIDATO A ELECCIONES PRIMARIAS ALCALDE 2024","ALCALDE"
"http://datos.cplt.cl/datos/infoprobidad/declaracion_8329e17210c5354a40e2ad5b818afa4c",1223894,2024-04-10 00:00:00,"CRISTIAN AMADOR","PINTO","TORRES","SERVEL CANDIDATOS A ELECCIONES","PRIMERA DECLARACIÓN (POR ASUNCIÓN DE CARGO)","CANDIDATO A ELECCIONES PRIMARIAS ALCALDE 2024","ALCALDE"
"http://datos.cplt.cl/datos/infoprobidad/declaracion_86f8d222b0341c2f1164179fb57830b7",1224323,2024-04-11 00:00:00,"ADÁN HUMBERTO","ZAPATA","FIGUEROA","SERVEL CANDIDATOS A ELECCIONES","PRIMERA DECLARACIÓN (POR ASUNCIÓN DE CARGO)","CANDIDATO A ELECCIONES PRIMARIAS ALCALDE 2024","ALCALDE"
"http://datos.cplt.cl/datos/infoprobidad/declaracion_8970b37b8ce8d4148e3bd7e0e8b637fa",1222857,2024-04-09 00:00:00,"CLAUDIO IVAN","CARCAMO","PAREDES","SERVEL CANDIDATOS A ELECCIONES","PRIMERA DECLARACIÓN (POR ASUNCIÓN DE CARGO)","CANDIDATO A ELECCIONES PRIMARIAS ALCALDE 2024","ALCALDE"
"http://datos.cplt.cl/datos/infoprobidad/declaracion_8b893fb104f828da89ad1068376a4a98",1222853,2024-04-09 00:00:00,"LUIS ERNESTO","GARCÍA","FRIZ","SERVEL CANDIDATOS A ELECCIONES","PRIMERA DECLARACIÓN (POR ASUNCIÓN DE CARGO)","CANDIDATO A ELECCIONES PRIMARIAS ALCALDE 2024","ALCALDE"
"http://datos.cplt.cl/datos/infoprobidad/declaracion_92f22f8a0cece8d650aa8d3ebfc0ae4c",1223160,2024-04-09 00:00:00,"FERNANDO LUCIANO","VALENZUELA"," ROMERO","SERVEL CANDIDATOS A ELECCIONES","PRIMERA DECLARACIÓN (POR ASUNCIÓN DE CARGO)","CANDIDATO A ELECCIONES PRIMARIAS ALCALDE 2024","ALCALDE"
"http://datos.cplt.cl/datos/infoprobidad/declaracion_a624304876b790c692d073cc9c37183d",1222204,2024-04-08 00:00:00,"IGNACIO JAVIER","POZO","PIÑA","SERVEL CANDIDATOS A ELECCIONES","PRIMERA DECLARACIÓN (POR ASUNCIÓN DE CARGO)","CANDIDATO A ELECCIONES PRIMARIAS ALCALDE 2024","ALCALDE"
"http://datos.cplt.cl/datos/infoprobidad/declaracion_ae5aa2256b6c5d00994961a52ff0a44e",1223606,2024-04-10 00:00:00,"LUIS EDUARDO","URIBE","CAMPOS","SERVEL CANDIDATOS A ELECCIONES","PRIMERA DECLARACIÓN (POR ASUNCIÓN DE CARGO)","CANDIDATO A ELECCIONES PRIMARIAS ALCALDE 2024","ALCALDE"
"http://datos.cplt.cl/datos/infoprobidad/declaracion_afa1fe9de55aa36fe6b5a0b37176fea0",1224130,2024-04-10 00:00:00,"DANIEL ADOLFO","REYES","MORALES","SERVEL CANDIDATOS A ELECCIONES","PRIMERA DECLARACIÓN (POR ASUNCIÓN DE CARGO)","CANDIDATO A ELECCIONES PRIMARIAS ALCALDE 2024","ALCALDE"
"http://datos.cplt.cl/datos/infoprobidad/declaracion_afe7853d8d47cf554c6dac8267ff093b",1216008,2024-04-08 00:00:00,"GABRIEL FRANCISCO","ACUÑA","VASQUEZ","SERVEL CANDIDATOS A ELECCIONES","PRIMERA DECLARACIÓN (POR ASUNCIÓN DE CARGO)","CANDIDATO A ELECCIONES PRIMARIAS ALCALDE 2024","ALCALDE"
"http://datos.cplt.cl/datos/infoprobidad/declaracion_b3acbfe40b296cf306f545878890f0a0",1223372,2024-04-09 00:00:00,"PAMELA","DORNEMANN","ROJAS","SERVEL CANDIDATOS A ELECCIONES","PRIMERA DECLARACIÓN (POR ASUNCIÓN DE CARGO)","CANDIDATO A ELECCIONES PRIMARIAS ALCALDE 2024","ALCALDE"
"http://datos.cplt.cl/datos/infoprobidad/declaracion_b6b28486cb0a1675344ad86a6f7158ed",1223392,2024-04-09 00:00:00,"OSVALDO ALFONSO","BARRIOS","CASTILLO","SERVEL CANDIDATOS A ELECCIONES","PRIMERA DECLARACIÓN (POR ASUNCIÓN DE CARGO)","CANDIDATO A ELECCIONES PRIMARIAS ALCALDE 2024","ALCALDE"
"http://datos.cplt.cl/datos/infoprobidad/declaracion_bfd826f378caecd79cfb830c47647451",1223772,2024-04-10 00:00:00,"ERICH CHRIST","GROHS","MARIN","SERVEL CANDIDATOS A ELECCIONES","PRIMERA DECLARACIÓN (POR ASUNCIÓN DE CARGO)","CANDIDATO A ELECCIONES PRIMARIAS ALCALDE 2024","ALCALDE"
"http://datos.cplt.cl/datos/infoprobidad/declaracion_c646013bf437c722b8661413d35f96fb",1224279,2024-04-11 00:00:00,"CRISTOPHER ERASMO","HIDALGO","HIDALGO","SERVEL CANDIDATOS A ELECCIONES","PRIMERA DECLARACIÓN (POR ASUNCIÓN DE CARGO)","CANDIDATO A ELECCIONES PRIMARIAS ALCALDE 2024","ALCALDE"
"http://datos.cplt.cl/datos/infoprobidad/declaracion_d01aa5e98d34767d6da93d5ad9bae090",1224137,2024-04-10 00:00:00,"RODRIGO ALEJANDRO","BARCO","SANCHEZ","SERVEL CANDIDATOS A ELECCIONES","PRIMERA DECLARACIÓN (POR ASUNCIÓN DE CARGO)","CANDIDATO A ELECCIONES PRIMARIAS ALCALDE 2024","ALCALDE"
"http://datos.cplt.cl/datos/infoprobidad/declaracion_dc61b45c63da65a406f926bf426cf868",1223358,2024-04-09 00:00:00,"CLAUDIA PATRICIA","MORA","VEGA","SERVEL CANDIDATOS A ELECCIONES","PRIMERA DECLARACIÓN (POR ASUNCIÓN DE CARGO)","CANDIDATO A ELECCIONES PRIMARIAS ALCALDE 2024","ALCALDE"
"http://datos.cplt.cl/datos/infoprobidad/declaracion_dea5cf700a9816f453f042523fffd8c3",1224247,2024-04-11 00:00:00,"ERNESTO","VELASCO","RODRIGUEZ","SERVEL CANDIDATOS A ELECCIONES","PRIMERA DECLARACIÓN (POR ASUNCIÓN DE CARGO)","CANDIDATO A ELECCIONES PRIMARIAS ALCALDE 2024","ALCALDE"
"http://datos.cplt.cl/datos/infoprobidad/declaracion_e64a37eb30eeb9bfa6fd0ad5ed63b0c0",1220985,2024-04-05 00:00:00,"PATRICIA","ORTEGA","VALENCIA","SERVEL CANDIDATOS A ELECCIONES","PRIMERA DECLARACIÓN (POR ASUNCIÓN DE CARGO)","CANDIDATO A ELECCIONES PRIMARIAS ALCALDE 2024","ALCALDE"
"http://datos.cplt.cl/datos/infoprobidad/declaracion_eec25dc950a2c128619406d86b802873",1222467,2024-04-08 00:00:00,"JORGE ANTONIO","ASTETE","VALLEJOS","SERVEL CANDIDATOS A ELECCIONES","PRIMERA DECLARACIÓN (POR ASUNCIÓN DE CARGO)","CANDIDATO A ELECCIONES PRIMARIAS ALCALDE 2024","ALCALDE"
"http://datos.cplt.cl/datos/infoprobidad/declaracion_fd5abe0672d752edc0dcb6445d91cea2",1224256,2024-04-11 00:00:00,"JUSTO ARSENIO","INZUNZA","HABACH","SERVEL CANDIDATOS A ELECCIONES","PRIMERA DECLARACIÓN (POR ASUNCIÓN DE CARGO)","CANDIDATO A ELECCIONES PRIMARIAS ALCALDE 2024","ALCALDE"
"http://datos.cplt.cl/datos/infoprobidad/declaracion_fd6c0e4d292187d6e2b11fe27fa96cbd",1220943,2024-04-05 00:00:00,"LUIS FELIPE","VERGARA","MALDONADO","SERVEL CANDIDATOS A ELECCIONES","PRIMERA DECLARACIÓN (POR ASUNCIÓN DE CARGO)","CANDIDATO A ELECCIONES PRIMARIAS ALCALDE 2024","ALCALDE"
"http://datos.cplt.cl/datos/infoprobidad/declaracion_ad8190a4269e4f0dd41c85975448fa06",1221961,2024-04-08 00:00:00,"ROBERTO ENRIQUE","ROJAS","ROJAS","SERVEL CANDIDATOS A ELECCIONES","ACTUALIZACIÓN PERIÓDICA (MARZO)","CANDIDATO A ELECCIONES PRIMARIAS ALCALDE 2024","ALCALDE"
"http://datos.cplt.cl/datos/infoprobidad/declaracion_bcc0ecea192ac420f187d9158803df0e",1223455,2024-04-10 00:00:00,"JOSÉ MIGUEL","URRUTIA","CELIS","SERVEL CANDIDATOS A ELECCIONES","ACTUALIZACIÓN PERIÓDICA (MARZO)","CANDIDATO A ELECCIONES PRIMARIAS ALCALDE 2024","ALCALDE"
"http://datos.cplt.cl/datos/infoprobidad/declaracion_f3aa1c3015a57e7a8efdca462e3ed78c",1224039,2024-04-10 00:00:00,"JUAN IGNACIO ","CORNEJO","GONZALEZ","SERVEL CANDIDATOS A ELECCIONES","ACTUALIZACIÓN PERIÓDICA (MARZO)","CANDIDATO A ELECCIONES PRIMARIAS ALCALDE 2024","ALCALDE"
"http://datos.cplt.cl/datos/infoprobidad/declaracion_0115d918fb5fe8f02ab71ddcf357bb43",1223016,2024-04-09 00:00:00,"HERNAN HUMBERTO","PACHECO","VALDEBENITO","SERVEL CANDIDATOS A ELECCIONES","PRESENTACIÓN A REQUERIMIENTO DE ÓRGANO FISCALIZADOR","CANDIDATO A ELECCIONES PRIMARIAS ALCALDE 2024","ALCALDE"
"http://datos.cplt.cl/datos/infoprobidad/declaracion_02e6101960deef64797d81d2e7c47618",1223599,2024-04-10 00:00:00,"GONZALO EDUARDO ","DANTAGNAN ","MEJIAS","SERVEL CANDIDATOS A ELECCIONES","PRESENTACIÓN A REQUERIMIENTO DE ÓRGANO FISCALIZADOR","CANDIDATO A ELECCIONES PRIMARIAS ALCALDE 2024","ALCALDE"
"http://datos.cplt.cl/datos/infoprobidad/declaracion_03c1cbcebc7532255715da5cff6d893e",1222023,2024-04-08 00:00:00,"FERNANDO JAVIER","FLÁNDEZ","MONTECINOS","SERVEL CANDIDATOS A ELECCIONES","PRESENTACIÓN A REQUERIMIENTO DE ÓRGANO FISCALIZADOR","CANDIDATO A ELECCIONES PRIMARIAS ALCALDE 2024","ALCALDE"
"http://datos.cplt.cl/datos/infoprobidad/declaracion_0580fca00ba0892faa1dcfee7d5ee5bf",1224371,2024-04-11 00:00:00,"CARLOS DAVID OCTAVIO","ARELLANO","BAEZA","SERVEL CANDIDATOS A ELECCIONES","PRESENTACIÓN A REQUERIMIENTO DE ÓRGANO FISCALIZADOR","CANDIDATO A ELECCIONES PRIMARIAS ALCALDE 2024","ALCALDE"
"http://datos.cplt.cl/datos/infoprobidad/declaracion_0718cacefb598935aba9e36241551328",1224373,2024-04-11 00:00:00,"ROSSANA FÁTIMA","GONZÁLEZ","VARGAS","SERVEL CANDIDATOS A ELECCIONES","PRESENTACIÓN A REQUERIMIENTO DE ÓRGANO FISCALIZADOR","CANDIDATO A ELECCIONES PRIMARIAS ALCALDE 2024","ALCALDE"
"http://datos.cplt.cl/datos/infoprobidad/declaracion_0adbeea12cd29574b470f2df51609a25",1223144,2024-04-09 00:00:00,"CHRISTIAN GONZALO","VILLEGAS","GÁRATE","SERVEL CANDIDATOS A ELECCIONES","PRESENTACIÓN A REQUERIMIENTO DE ÓRGANO FISCALIZADOR","CANDIDATO A ELECCIONES PRIMARIAS ALCALDE 2024","ALCALDE"
"http://datos.cplt.cl/datos/infoprobidad/declaracion_0b01b1a911f404a0ec2f15e269b72767",1224099,2024-04-10 00:00:00,"LEONILA EISABETH","SÁEZ","ALARCÓN","SERVEL CANDIDATOS A ELECCIONES","PRESENTACIÓN A REQUERIMIENTO DE ÓRGANO FISCALIZADOR","CANDIDATO A ELECCIONES PRIMARIAS ALCALDE 2024","ALCALDE"
"http://datos.cplt.cl/datos/infoprobidad/declaracion_0fa904afe38758e152bec5028c0e247b",1224044,2024-04-10 00:00:00,"GASTÓN ALEJANDRO","FUENTES","SEPÚLVEDA","SERVEL CANDIDATOS A ELECCIONES","PRESENTACIÓN A REQUERIMIENTO DE ÓRGANO FISCALIZADOR","CANDIDATO A ELECCIONES PRIMARIAS ALCALDE 2024","ALCALDE"
"http://datos.cplt.cl/datos/infoprobidad/declaracion_0fbc0ec66d8df3e8383f02af5c6b2f98",1222132,2024-04-08 00:00:00,"DANIELA","GARCIA","MINTZ","SERVEL CANDIDATOS A ELECCIONES","PRESENTACIÓN A REQUERIMIENTO DE ÓRGANO FISCALIZADOR","CANDIDATO A ELECCIONES PRIMARIAS ALCALDE 2024","ALCALDE"
"http://datos.cplt.cl/datos/infoprobidad/declaracion_1184d2f93b46fc7eb38b425460234235",1222641,2024-04-09 00:00:00,"CRISTIAN","NAVARRETE","QUEZADA","SERVEL CANDIDATOS A ELECCIONES","PRESENTACIÓN A REQUERIMIENTO DE ÓRGANO FISCALIZADOR","CANDIDATO A ELECCIONES PRIMARIAS ALCALDE 2024","ALCALDE"
"http://datos.cplt.cl/datos/infoprobidad/declaracion_1250f0f07a763f14833528c14867c922",1224302,2024-04-11 00:00:00,"ROBERT PATRICIO","ARIAS","SOLÍS","SERVEL CANDIDATOS A ELECCIONES","PRESENTACIÓN A REQUERIMIENTO DE ÓRGANO FISCALIZADOR","CANDIDATO A ELECCIONES PRIMARIAS ALCALDE 2024","ALCALDE"
"http://datos.cplt.cl/datos/infoprobidad/declaracion_13e04d953de7f4ffcd35af4e53d08c8f",1222430,2024-04-09 00:00:00,"ENRIQUE EDUARDO","SILVA","ROJAS","SERVEL CANDIDATOS A ELECCIONES","PRESENTACIÓN A REQUERIMIENTO DE ÓRGANO FISCALIZADOR","CANDIDATO A ELECCIONES PRIMARIAS ALCALDE 2024","ALCALDE"
"http://datos.cplt.cl/datos/infoprobidad/declaracion_186b67571db509787234a2b2a0171a8b",1222569,2024-04-08 00:00:00,"HUGO","BOZA","VALDENEGRO","SERVEL CANDIDATOS A ELECCIONES","PRESENTACIÓN A REQUERIMIENTO DE ÓRGANO FISCALIZADOR","CANDIDATO A ELECCIONES PRIMARIAS ALCALDE 2024","ALCALDE"
"http://datos.cplt.cl/datos/infoprobidad/declaracion_199aa0d285e085b8e04e0d68467de54e",1222395,2024-04-08 00:00:00,"RUBEN RODRIGO","ROSALES","SEPULVEDA","SERVEL CANDIDATOS A ELECCIONES","PRESENTACIÓN A REQUERIMIENTO DE ÓRGANO FISCALIZADOR","CANDIDATO A ELECCIONES PRIMARIAS ALCALDE 2024","ALCALDE"
"http://datos.cplt.cl/datos/infoprobidad/declaracion_1e47fac301d73fc8ac2df2c4a7fc2498",1221963,2024-04-09 00:00:00,"JOSE LUIS","DIAZ","DIAZ","SERVEL CANDIDATOS A ELECCIONES","PRESENTACIÓN A REQUERIMIENTO DE ÓRGANO FISCALIZADOR","CANDIDATO A ELECCIONES PRIMARIAS ALCALDE 2024","ALCALDE"
"http://datos.cplt.cl/datos/infoprobidad/declaracion_1fbe0e3fb0cec42f8765cea7726fabeb",1222317,2024-04-08 00:00:00,"CRISTIAN RODOLFO","PALACIOS","GARCÍA","SERVEL CANDIDATOS A ELECCIONES","PRESENTACIÓN A REQUERIMIENTO DE ÓRGANO FISCALIZADOR","CANDIDATO A ELECCIONES PRIMARIAS ALCALDE 2024","ALCALDE"
"http://datos.cplt.cl/datos/infoprobidad/declaracion_233f2508d7cc44fe32e749e9f56edd28",1222468,2024-04-08 00:00:00,"DANILO","SANDOVAL","SARABIA","SERVEL CANDIDATOS A ELECCIONES","PRESENTACIÓN A REQUERIMIENTO DE ÓRGANO FISCALIZADOR","CANDIDATO A ELECCIONES PRIMARIAS ALCALDE 2024","ALCALDE"
"http://datos.cplt.cl/datos/infoprobidad/declaracion_23723683a0af81acfed4652ec09966d5",1221889,2024-04-08 00:00:00,"RODRIGO","SALAZAR","JIMÉNEZ","SERVEL CANDIDATOS A ELECCIONES","PRESENTACIÓN A REQUERIMIENTO DE ÓRGANO FISCALIZADOR","CANDIDATO A ELECCIONES PRIMARIAS ALCALDE 2024","ALCALDE"
"http://datos.cplt.cl/datos/infoprobidad/declaracion_23bb72f2e1b472acbd85a0337f90044e",1224347,2024-04-11 00:00:00,"FERNANDO MARCELO","HECKMANN","NAVARRO","SERVEL CANDIDATOS A ELECCIONES","PRESENTACIÓN A REQUERIMIENTO DE ÓRGANO FISCALIZADOR","CANDIDATO A ELECCIONES PRIMARIAS ALCALDE 2024","ALCALDE"
"http://datos.cplt.cl/datos/infoprobidad/declaracion_2cce377297ce9ff8826dd46de0a1876b",1223928,2024-04-10 00:00:00,"GUILLERMO","DE LA MAZA","RAMÍREZ","SERVEL CANDIDATOS A ELECCIONES","PRESENTACIÓN A REQUERIMIENTO DE ÓRGANO FISCALIZADOR","CANDIDATO A ELECCIONES PRIMARIAS ALCALDE 2024","ALCALDE"
"http://datos.cplt.cl/datos/infoprobidad/declaracion_308b51c163aa27d2818e350fd9a396a2",1220741,2024-04-07 00:00:00,"BARTOLOME","REUS","CORDERO","SERVEL CANDIDATOS A ELECCIONES","PRESENTACIÓN A REQUERIMIENTO DE ÓRGANO FISCALIZADOR","CANDIDATO A ELECCIONES PRIMARIAS ALCALDE 2024","ALCALDE"
"http://datos.cplt.cl/datos/infoprobidad/declaracion_33995cff6af3da097d24a993a4eaaa65",1222120,2024-04-08 00:00:00,"VIVIANA FRANCISCA","NÚÑEZ","CARRASCO","SERVEL CANDIDATOS A ELECCIONES","PRESENTACIÓN A REQUERIMIENTO DE ÓRGANO FISCALIZADOR","CANDIDATO A ELECCIONES PRIMARIAS ALCALDE 2024","ALCALDE"
"http://datos.cplt.cl/datos/infoprobidad/declaracion_33d2bb013ee4a962a381a514f6434cc9",1222322,2024-04-08 00:00:00,"SIXTO","GONZALEZ","SOTO","SERVEL CANDIDATOS A ELECCIONES","PRESENTACIÓN A REQUERIMIENTO DE ÓRGANO FISCALIZADOR","CANDIDATO A ELECCIONES PRIMARIAS ALCALDE 2024","ALCALDE"
"http://datos.cplt.cl/datos/infoprobidad/declaracion_3662e642b52ba9053f92504dc6856c05",1221244,2024-04-08 00:00:00,"NÉSTOR JOAQUÍN","MATAMALA","PEÑA","SERVEL CANDIDATOS A ELECCIONES","PRESENTACIÓN A REQUERIMIENTO DE ÓRGANO FISCALIZADOR","CANDIDATO A ELECCIONES PRIMARIAS ALCALDE 2024","ALCALDE"
"http://datos.cplt.cl/datos/infoprobidad/declaracion_37c57e6564de58a018f5b76ac5bfd5e2",1221605,2024-04-07 00:00:00,"FERNANDO SEBASTIÁN","SAN ROMÁN","BASCUÑÁN","SERVEL CANDIDATOS A ELECCIONES","PRESENTACIÓN A REQUERIMIENTO DE ÓRGANO FISCALIZADOR","CANDIDATO A ELECCIONES PRIMARIAS ALCALDE 2024","ALCALDE"
"http://datos.cplt.cl/datos/infoprobidad/declaracion_383601f474fd88c9a4638dd9f52b8188",1222487,2024-04-08 00:00:00,"CARLOS PATRICIO","CISTERNA","PAVEZ","SERVEL CANDIDATOS A ELECCIONES","PRESENTACIÓN A REQUERIMIENTO DE ÓRGANO FISCALIZADOR","CANDIDATO A ELECCIONES PRIMARIAS ALCALDE 2024","ALCALDE"
"http://datos.cplt.cl/datos/infoprobidad/declaracion_3899f9ec0c0abd4405c9a9598a94faa6",1223909,2024-04-10 00:00:00,"GEORGINA DEL CARMEN","CUYUL","BORQUEZ","SERVEL CANDIDATOS A ELECCIONES","PRESENTACIÓN A REQUERIMIENTO DE ÓRGANO FISCALIZADOR","CANDIDATO A ELECCIONES PRIMARIAS ALCALDE 2024","ALCALDE"
"http://datos.cplt.cl/datos/infoprobidad/declaracion_38c5c26cb6de9a1396ab634441bcbf2c",1220468,2024-04-05 00:00:00,"CARLOS ALFREDO","CONTRERAS","PARRA","SERVEL CANDIDATOS A ELECCIONES","PRESENTACIÓN A REQUERIMIENTO DE ÓRGANO FISCALIZADOR","CANDIDATO A ELECCIONES PRIMARIAS ALCALDE 2024","ALCALDE"
"http://datos.cplt.cl/datos/infoprobidad/declaracion_3a17e7abfd673215e850c57970d6f4cc",1223866,2024-04-10 00:00:00,"CARLO FRANCO","CAMPANO","VILCHES","SERVEL CANDIDATOS A ELECCIONES","PRESENTACIÓN A REQUERIMIENTO DE ÓRGANO FISCALIZADOR","CANDIDATO A ELECCIONES PRIMARIAS ALCALDE 2024","ALCALDE"
"http://datos.cplt.cl/datos/infoprobidad/declaracion_3b7e08cb9e239b2ab95fbd9929a190ec",1221636,2024-04-08 00:00:00,"DANIEL","PACHECO","PONCE","SERVEL CANDIDATOS A ELECCIONES","PRESENTACIÓN A REQUERIMIENTO DE ÓRGANO FISCALIZADOR","CANDIDATO A ELECCIONES PRIMARIAS ALCALDE 2024","ALCALDE"
"http://datos.cplt.cl/datos/infoprobidad/declaracion_3bada634d67a99afb78a470007dc86d4",1224037,2024-04-10 00:00:00,"JOSE MANUEL ","RUIZ ","YAÑEZ","SERVEL CANDIDATOS A ELECCIONES","PRESENTACIÓN A REQUERIMIENTO DE ÓRGANO FISCALIZADOR","CANDIDATO A ELECCIONES PRIMARIAS ALCALDE 2024","ALCALDE"
"http://datos.cplt.cl/datos/infoprobidad/declaracion_3d4f95d167a8f4eaf7ed669ec0d6f6d1",1222324,2024-04-08 00:00:00,"JUAN RAMON","VALDES","VALDES","SERVEL CANDIDATOS A ELECCIONES","PRESENTACIÓN A REQUERIMIENTO DE ÓRGANO FISCALIZADOR","CANDIDATO A ELECCIONES PRIMARIAS ALCALDE 2024","ALCALDE"
"http://datos.cplt.cl/datos/infoprobidad/declaracion_3f0322f4816d524aae0e3eb1088dea0a",1221004,2024-04-08 00:00:00,"LUIS ANTONIO","ESCANILLA","BENAVIDES","SERVEL CANDIDATOS A ELECCIONES","PRESENTACIÓN A REQUERIMIENTO DE ÓRGANO FISCALIZADOR","CANDIDATO A ELECCIONES PRIMARIAS ALCALDE 2024","ALCALDE"
"http://datos.cplt.cl/datos/infoprobidad/declaracion_3fa4a4855aa09948b5ff3ca61e292150",1223913,2024-04-10 00:00:00,"WILSON ","DÍAZ","VÁSQUEZ","SERVEL CANDIDATOS A ELECCIONES","PRESENTACIÓN A REQUERIMIENTO DE ÓRGANO FISCALIZADOR","CANDIDATO A ELECCIONES PRIMARIAS ALCALDE 2024","ALCALDE"
"http://datos.cplt.cl/datos/infoprobidad/declaracion_434e646bd4b7a6023201f67b91b28269",1222283,2024-04-08 00:00:00,"CONSUELO DEL PILAR","REQUENA","BAEZ","SERVEL CANDIDATOS A ELECCIONES","PRESENTACIÓN A REQUERIMIENTO DE ÓRGANO FISCALIZADOR","CANDIDATO A ELECCIONES PRIMARIAS ALCALDE 2024","ALCALDE"
"http://datos.cplt.cl/datos/infoprobidad/declaracion_479471c32e1bf743991031c791dc30b4",1222438,2024-04-08 00:00:00,"MARIA FERNANDA","VILLEGAS","ACEVEDO","SERVEL CANDIDATOS A ELECCIONES","PRESENTACIÓN A REQUERIMIENTO DE ÓRGANO FISCALIZADOR","CANDIDATO A ELECCIONES PRIMARIAS ALCALDE 2024","ALCALDE"
"http://datos.cplt.cl/datos/infoprobidad/declaracion_484a0af202acd5d299bf0e3a8ecd11e3",1223275,2024-04-09 00:00:00,"URBANO ENRIQUE","MORALES ","GONZALEZ","SERVEL CANDIDATOS A ELECCIONES","PRESENTACIÓN A REQUERIMIENTO DE ÓRGANO FISCALIZADOR","CANDIDATO A ELECCIONES PRIMARIAS ALCALDE 2024","ALCALDE"
"http://datos.cplt.cl/datos/infoprobidad/declaracion_4951300f66f01cbb1f2e6e1b304ee8a2",1222803,2024-04-09 00:00:00,"MARÍA JOSÉ","AGUIRRE","NEUENSCHWANDER","SERVEL CANDIDATOS A ELECCIONES","PRESENTACIÓN A REQUERIMIENTO DE ÓRGANO FISCALIZADOR","CANDIDATO A ELECCIONES PRIMARIAS ALCALDE 2024","ALCALDE"
"http://datos.cplt.cl/datos/infoprobidad/declaracion_4d84f6d57449a4d855c45c007f8d836a",1223339,2024-04-09 00:00:00,"HECTOR FRANCISCO","JARA","DELGADO","SERVEL CANDIDATOS A ELECCIONES","PRESENTACIÓN A REQUERIMIENTO DE ÓRGANO FISCALIZADOR","CANDIDATO A ELECCIONES PRIMARIAS ALCALDE 2024","ALCALDE"
"http://datos.cplt.cl/datos/infoprobidad/declaracion_4f4accc403a4c503e444edd001aaba0a",1223620,2024-04-10 00:00:00,"JACQUELINE ANDREA","VALENZUELA","ESPINOZA","SERVEL CANDIDATOS A ELECCIONES","PRESENTACIÓN A REQUERIMIENTO DE ÓRGANO FISCALIZADOR","CANDIDATO A ELECCIONES PRIMARIAS ALCALDE 2024","ALCALDE"
"http://datos.cplt.cl/datos/infoprobidad/declaracion_50f5c8de80a99c1b28db0c6b7a8bbe32",1224327,2024-04-11 00:00:00,"RICHARD DAVID ","CACERES","OSORIO","SERVEL CANDIDATOS A ELECCIONES","PRESENTACIÓN A REQUERIMIENTO DE ÓRGANO FISCALIZADOR","CANDIDATO A ELECCIONES PRIMARIAS ALCALDE 2024","ALCALDE"
"http://datos.cplt.cl/datos/infoprobidad/declaracion_517bb4b9267b029ce17975ba0ea1fb39",1222650,2024-04-09 00:00:00,"LEOPOLDO ROLANDO","VALENCIA","SILVA","SERVEL CANDIDATOS A ELECCIONES","PRESENTACIÓN A REQUERIMIENTO DE ÓRGANO FISCALIZADOR","CANDIDATO A ELECCIONES PRIMARIAS ALCALDE 2024","ALCALDE"
"http://datos.cplt.cl/datos/infoprobidad/declaracion_5192ab879f1052851001857e13f7de34",1221859,2024-04-09 00:00:00,"CHRISTIAN ARIEL","GALLARDO","CASTRO","SERVEL CANDIDATOS A ELECCIONES","PRESENTACIÓN A REQUERIMIENTO DE ÓRGANO FISCALIZADOR","CANDIDATO A ELECCIONES PRIMARIAS ALCALDE 2024","ALCALDE"
"http://datos.cplt.cl/datos/infoprobidad/declaracion_51fb9ad093167a202a98f1e9f3059c44",1223767,2024-04-10 00:00:00,"GUSTAVO MAURICIO","IBACACHE","VELÁSQUEZ","SERVEL CANDIDATOS A ELECCIONES","PRESENTACIÓN A REQUERIMIENTO DE ÓRGANO FISCALIZADOR","CANDIDATO A ELECCIONES PRIMARIAS ALCALDE 2024","ALCALDE"
"http://datos.cplt.cl/datos/infoprobidad/declaracion_52934ea687944d52e03bbda0affcda3e",1224384,2024-04-11 00:00:00,"ANDREA PAOLA","SERRANO","FLORES","SERVEL CANDIDATOS A ELECCIONES","PRESENTACIÓN A REQUERIMIENTO DE ÓRGANO FISCALIZADOR","CANDIDATO A ELECCIONES PRIMARIAS ALCALDE 2024","ALCALDE"
"http://datos.cplt.cl/datos/infoprobidad/declaracion_53ba8e4ee0b80d64ca0ab1035d59be29",1224067,2024-04-10 00:00:00,"SERGIO LEONARDO","URIBE","BARRIENTOS","SERVEL CANDIDATOS A ELECCIONES","PRESENTACIÓN A REQUERIMIENTO DE ÓRGANO FISCALIZADOR","CANDIDATO A ELECCIONES PRIMARIAS ALCALDE 2024","ALCALDE"
"http://datos.cplt.cl/datos/infoprobidad/declaracion_57451dec9fe75d536ef6ab417b150152",1221035,2024-04-06 00:00:00,"FRANN CRISTIAN","BARBIERI","FERNÁNDEZ ","SERVEL CANDIDATOS A ELECCIONES","PRESENTACIÓN A REQUERIMIENTO DE ÓRGANO FISCALIZADOR","CANDIDATO A ELECCIONES PRIMARIAS ALCALDE 2024","ALCALDE"
"http://datos.cplt.cl/datos/infoprobidad/declaracion_57eef818763770779f06f9a7d65f5784",1223093,2024-04-09 00:00:00,"IVETTE PRISCILLA","GUTIERREZ ","SEGUEL","SERVEL CANDIDATOS A ELECCIONES","PRESENTACIÓN A REQUERIMIENTO DE ÓRGANO FISCALIZADOR","CANDIDATO A ELECCIONES PRIMARIAS ALCALDE 2024","ALCALDE"
"http://datos.cplt.cl/datos/infoprobidad/declaracion_5aa2510fc2dc493a66983ce82d63cce1",1224057,2024-04-10 00:00:00,"ERIKA JEANETTE","GALARCE","MELÉNDEZ","SERVEL CANDIDATOS A ELECCIONES","PRESENTACIÓN A REQUERIMIENTO DE ÓRGANO FISCALIZADOR","CANDIDATO A ELECCIONES PRIMARIAS ALCALDE 2024","ALCALDE"
"http://datos.cplt.cl/datos/infoprobidad/declaracion_5fb43af5c05aaa480cf736e0e3021f99",1221260,2024-04-06 00:00:00,"UBERLINDA ESTER","AQUEA","BARRAZA","SERVEL CANDIDATOS A ELECCIONES","PRESENTACIÓN A REQUERIMIENTO DE ÓRGANO FISCALIZADOR","CANDIDATO A ELECCIONES PRIMARIAS ALCALDE 2024","ALCALDE"
"http://datos.cplt.cl/datos/infoprobidad/declaracion_6069adec99088d6afd9f28fa56499ade",1223858,2024-04-10 00:00:00,"ROLANDO HERNÁN","PEÑA","RIQUELME","SERVEL CANDIDATOS A ELECCIONES","PRESENTACIÓN A REQUERIMIENTO DE ÓRGANO FISCALIZADOR","CANDIDATO A ELECCIONES PRIMARIAS ALCALDE 2024","ALCALDE"
"http://datos.cplt.cl/datos/infoprobidad/declaracion_6087950375ed0255232a80a5f33893dd",1224082,2024-04-10 00:00:00,"ANTONIO ALFREDO","VASQUEZ","AMESTICA","SERVEL CANDIDATOS A ELECCIONES","PRESENTACIÓN A REQUERIMIENTO DE ÓRGANO FISCALIZADOR","CANDIDATO A ELECCIONES PRIMARIAS ALCALDE 2024","ALCALDE"
"http://datos.cplt.cl/datos/infoprobidad/declaracion_609c09d19b92d31f4a0f844e35e1ee28",1222117,2024-04-08 00:00:00,"JONNATHAN ANTONIO","HIDALGO","QUEZADA","SERVEL CANDIDATOS A ELECCIONES","PRESENTACIÓN A REQUERIMIENTO DE ÓRGANO FISCALIZADOR","CANDIDATO A ELECCIONES PRIMARIAS ALCALDE 2024","ALCALDE"
"http://datos.cplt.cl/datos/infoprobidad/declaracion_6397c0fd5bf975e48284889c2fe4cd9f",1221727,2024-04-08 00:00:00,"ENRIQUE JACOB","GIADACH","CONTRERAS","SERVEL CANDIDATOS A ELECCIONES","PRESENTACIÓN A REQUERIMIENTO DE ÓRGANO FISCALIZADOR","CANDIDATO A ELECCIONES PRIMARIAS ALCALDE 2024","ALCALDE"
"http://datos.cplt.cl/datos/infoprobidad/declaracion_63a6e6db20d62ba7f4246692620323cc",1220704,2024-04-08 00:00:00,"GUILLERMO HERNÁN","JARAMILLO","SALAZAR","SERVEL CANDIDATOS A ELECCIONES","PRESENTACIÓN A REQUERIMIENTO DE ÓRGANO FISCALIZADOR","CANDIDATO A ELECCIONES PRIMARIAS ALCALDE 2024","ALCALDE"
"http://datos.cplt.cl/datos/infoprobidad/declaracion_643b813e5912b408b3bc2c51c1ee75b9",1223655,2024-04-10 00:00:00,"JORGE SAMMY","ORMAZÁBAL","LÓPEZ","SERVEL CANDIDATOS A ELECCIONES","PRESENTACIÓN A REQUERIMIENTO DE ÓRGANO FISCALIZADOR","CANDIDATO A ELECCIONES PRIMARIAS ALCALDE 2024","ALCALDE"
"http://datos.cplt.cl/datos/infoprobidad/declaracion_66cae76375cc542e0ad7732d49cfb266",1222585,2024-04-09 00:00:00,"SANDRA XIMENA","CONTRERAS","ALVAREZ","SERVEL CANDIDATOS A ELECCIONES","PRESENTACIÓN A REQUERIMIENTO DE ÓRGANO FISCALIZADOR","CANDIDATO A ELECCIONES PRIMARIAS ALCALDE 2024","ALCALDE"
"http://datos.cplt.cl/datos/infoprobidad/declaracion_6710cd784708155a10503aa654a9cedf",1223141,2024-04-09 00:00:00,"MARIO ALFONSO","AROS","CARVAJAL","SERVEL CANDIDATOS A ELECCIONES","PRESENTACIÓN A REQUERIMIENTO DE ÓRGANO FISCALIZADOR","CANDIDATO A ELECCIONES PRIMARIAS ALCALDE 2024","ALCALDE"
"http://datos.cplt.cl/datos/infoprobidad/declaracion_6acdd7aeb1579f25081e122a62a2c30b",1223452,2024-04-10 00:00:00,"MATIAS IGNACIO","COLOMA","ARRIAGADA","SERVEL CANDIDATOS A ELECCIONES","PRESENTACIÓN A REQUERIMIENTO DE ÓRGANO FISCALIZADOR","CANDIDATO A ELECCIONES PRIMARIAS ALCALDE 2024","ALCALDE"
"http://datos.cplt.cl/datos/infoprobidad/declaracion_77c4d024aee8ea3ad89bfd315f850a56",1220641,2024-04-05 00:00:00,"SEBASTIAN FRANCISCO","ARANCIBIA","TOBAR","SERVEL CANDIDATOS A ELECCIONES","PRESENTACIÓN A REQUERIMIENTO DE ÓRGANO FISCALIZADOR","CANDIDATO A ELECCIONES PRIMARIAS ALCALDE 2024","ALCALDE"
"http://datos.cplt.cl/datos/infoprobidad/declaracion_7beaab484dbe064d24c246d4a13f0670",1224325,2024-04-11 00:00:00,"ROBERTO","VALENZUELA","ROMERO","SERVEL CANDIDATOS A ELECCIONES","PRESENTACIÓN A REQUERIMIENTO DE ÓRGANO FISCALIZADOR","CANDIDATO A ELECCIONES PRIMARIAS ALCALDE 2024","ALCALDE"
"http://datos.cplt.cl/datos/infoprobidad/declaracion_7ff38255f1788273b227925b1e1387e0",1222443,2024-04-08 00:00:00,"GIOVANKA PENELOPE","LUENGO","FIGUEROA","SERVEL CANDIDATOS A ELECCIONES","PRESENTACIÓN A REQUERIMIENTO DE ÓRGANO FISCALIZADOR","CANDIDATO A ELECCIONES PRIMARIAS ALCALDE 2024","ALCALDE"
"http://datos.cplt.cl/datos/infoprobidad/declaracion_81eda112463bd13fccd60dfd14f1de2b",1223924,2024-04-10 00:00:00,"PIERO EDGARDO","JARA","RUIZ","SERVEL CANDIDATOS A ELECCIONES","PRESENTACIÓN A REQUERIMIENTO DE ÓRGANO FISCALIZADOR","CANDIDATO A ELECCIONES PRIMARIAS ALCALDE 2024","ALCALDE"
"http://datos.cplt.cl/datos/infoprobidad/declaracion_8293ccc1f9b319acace3ae5caf827b51",1222370,2024-04-08 00:00:00,"ALAN FERNANDO","IBAÑEZ","GARCIA","SERVEL CANDIDATOS A ELECCIONES","PRESENTACIÓN A REQUERIMIENTO DE ÓRGANO FISCALIZADOR","CANDIDATO A ELECCIONES PRIMARIAS ALCALDE 2024","ALCALDE"
"http://datos.cplt.cl/datos/infoprobidad/declaracion_833c1bad38101583cb330915100f5368",1224387,2024-04-11 00:00:00,"FREDDY ANTONIO","NEIRA","PAREDES","SERVEL CANDIDATOS A ELECCIONES","PRESENTACIÓN A REQUERIMIENTO DE ÓRGANO FISCALIZADOR","CANDIDATO A ELECCIONES PRIMARIAS ALCALDE 2024","ALCALDE"
"http://datos.cplt.cl/datos/infoprobidad/declaracion_85ebc895f52ab7e210253b08154c60ca",1223376,2024-04-09 00:00:00,"LUIS MARCELO","ÁLVAREZ","ÁLVAREZ","SERVEL CANDIDATOS A ELECCIONES","PRESENTACIÓN A REQUERIMIENTO DE ÓRGANO FISCALIZADOR","CANDIDATO A ELECCIONES PRIMARIAS ALCALDE 2024","ALCALDE"
"http://datos.cplt.cl/datos/infoprobidad/declaracion_860aa2670e0fc5f6ef194857bb441e7e",1222387,2024-04-08 00:00:00,"PABLO ANDRES","IRIARTE","RAMIREZ","SERVEL CANDIDATOS A ELECCIONES","PRESENTACIÓN A REQUERIMIENTO DE ÓRGANO FISCALIZADOR","CANDIDATO A ELECCIONES PRIMARIAS ALCALDE 2024","ALCALDE"
"http://datos.cplt.cl/datos/infoprobidad/declaracion_869ed3dce66af3e9765702c4664b7a7d",1222194,2024-04-08 00:00:00,"JUAN ENRIQUE","MUÑOZ","QUEZADA","SERVEL CANDIDATOS A ELECCIONES","PRESENTACIÓN A REQUERIMIENTO DE ÓRGANO FISCALIZADOR","CANDIDATO A ELECCIONES PRIMARIAS ALCALDE 2024","ALCALDE"
"http://datos.cplt.cl/datos/infoprobidad/declaracion_881f4981acd91f504e19f532ae197767",1223791,2024-04-10 00:00:00,"MARCO ANTONIO ","CARRILLO","BRAVO","SERVEL CANDIDATOS A ELECCIONES","PRESENTACIÓN A REQUERIMIENTO DE ÓRGANO FISCALIZADOR","CANDIDATO A ELECCIONES PRIMARIAS ALCALDE 2024","ALCALDE"
"http://datos.cplt.cl/datos/infoprobidad/declaracion_89751b1cbdeebb52be9b3d7895e70baf",1221660,2024-04-09 00:00:00,"MARIO ANTONIO","ARROS","MUÑOZ","SERVEL CANDIDATOS A ELECCIONES","PRESENTACIÓN A REQUERIMIENTO DE ÓRGANO FISCALIZADOR","CANDIDATO A ELECCIONES PRIMARIAS ALCALDE 2024","ALCALDE"
"http://datos.cplt.cl/datos/infoprobidad/declaracion_8ce12487e7a12a71b6574902c87d4b97",1223993,2024-04-10 00:00:00,"ALEJANDRA","PARRA ","GALASSO","SERVEL CANDIDATOS A ELECCIONES","PRESENTACIÓN A REQUERIMIENTO DE ÓRGANO FISCALIZADOR","CANDIDATO A ELECCIONES PRIMARIAS ALCALDE 2024","ALCALDE"
"http://datos.cplt.cl/datos/infoprobidad/declaracion_8d28e9c8629adaf5fda19f8a103fb3f1",1222579,2024-04-09 00:00:00,"JOSE ","MERINO","YAÑEZ","SERVEL CANDIDATOS A ELECCIONES","PRESENTACIÓN A REQUERIMIENTO DE ÓRGANO FISCALIZADOR","CANDIDATO A ELECCIONES PRIMARIAS ALCALDE 2024","ALCALDE"
"http://datos.cplt.cl/datos/infoprobidad/declaracion_8eb0ca793b43d83273f08eb0cddbdcdd",1221200,2024-04-06 00:00:00,"DALIVOR  PAVEL"," ETEROVIC ","DIAZ","SERVEL CANDIDATOS A ELECCIONES","PRESENTACIÓN A REQUERIMIENTO DE ÓRGANO FISCALIZADOR","CANDIDATO A ELECCIONES PRIMARIAS ALCALDE 2024","ALCALDE"
"http://datos.cplt.cl/datos/infoprobidad/declaracion_8f5dffc1782b49e0461d4360f25283c6",1224328,2024-04-11 00:00:00,"PATRICIO","HENRIQUEZ","HENRIQUEZ","SERVEL CANDIDATOS A ELECCIONES","PRESENTACIÓN A REQUERIMIENTO DE ÓRGANO FISCALIZADOR","CANDIDATO A ELECCIONES PRIMARIAS ALCALDE 2024","ALCALDE"
"http://datos.cplt.cl/datos/infoprobidad/declaracion_8fb9559b56d8560b8a96d031e6c0f31d",1221272,2024-04-06 00:00:00,"PEDRO ALADINO","ZÚÑIGA","POBLETE","SERVEL CANDIDATOS A ELECCIONES","PRESENTACIÓN A REQUERIMIENTO DE ÓRGANO FISCALIZADOR","CANDIDATO A ELECCIONES PRIMARIAS ALCALDE 2024","ALCALDE"
"http://datos.cplt.cl/datos/infoprobidad/declaracion_915f236f39a1657f0a1092ceb2d0e959",1222704,2024-04-09 00:00:00,"ENRRI","BAÑARES","ALARCON","SERVEL CANDIDATOS A ELECCIONES","PRESENTACIÓN A REQUERIMIENTO DE ÓRGANO FISCALIZADOR","CANDIDATO A ELECCIONES PRIMARIAS ALCALDE 2024","ALCALDE"
"http://datos.cplt.cl/datos/infoprobidad/declaracion_91b00d7f83480e3d7c5e53bcb7ef8656",1223966,2024-04-11 00:00:00,"EDITH PAOLA","RETAMAL","AREVALO ","SERVEL CANDIDATOS A ELECCIONES","PRESENTACIÓN A REQUERIMIENTO DE ÓRGANO FISCALIZADOR","CANDIDATO A ELECCIONES PRIMARIAS ALCALDE 2024","ALCALDE"
"http://datos.cplt.cl/datos/infoprobidad/declaracion_94f2094657c15b54e3a71a5f2514014c",1222253,2024-04-08 00:00:00,"MARCO ANTONIO","GILLIBRAND","MARIN","SERVEL CANDIDATOS A ELECCIONES","PRESENTACIÓN A REQUERIMIENTO DE ÓRGANO FISCALIZADOR","CANDIDATO A ELECCIONES PRIMARIAS ALCALDE 2024","ALCALDE"
"http://datos.cplt.cl/datos/infoprobidad/declaracion_98f618be09e5535e8837a1b238a3663a",1222934,2024-04-09 00:00:00,"MAURICIO GUY ALEXIS","TEILLIER","DEL VALLE","SERVEL CANDIDATOS A ELECCIONES","PRESENTACIÓN A REQUERIMIENTO DE ÓRGANO FISCALIZADOR","CANDIDATO A ELECCIONES PRIMARIAS ALCALDE 2024","ALCALDE"
"http://datos.cplt.cl/datos/infoprobidad/declaracion_9a090cc9a08ea4d2aac833e4a776d831",1222142,2024-04-08 00:00:00,"FELIPE","VASQUEZ","CARRASCO","SERVEL CANDIDATOS A ELECCIONES","PRESENTACIÓN A REQUERIMIENTO DE ÓRGANO FISCALIZADOR","CANDIDATO A ELECCIONES PRIMARIAS ALCALDE 2024","ALCALDE"
"http://datos.cplt.cl/datos/infoprobidad/declaracion_9d07c267a37aacaa59f967c4fb61cf84",1223632,2024-04-10 00:00:00,"GLORIA PAMELA","GONZÁLEZ","ESPINOZA","SERVEL CANDIDATOS A ELECCIONES","PRESENTACIÓN A REQUERIMIENTO DE ÓRGANO FISCALIZADOR","CANDIDATO A ELECCIONES PRIMARIAS ALCALDE 2024","ALCALDE"
"http://datos.cplt.cl/datos/infoprobidad/declaracion_9fec83268dde3a4e3f72b32737afa9e4",1222197,2024-04-08 00:00:00,"HECTOR","MUÑOZ","URIBE","SERVEL CANDIDATOS A ELECCIONES","PRESENTACIÓN A REQUERIMIENTO DE ÓRGANO FISCALIZADOR","CANDIDATO A ELECCIONES PRIMARIAS ALCALDE 2024","ALCALDE"
"http://datos.cplt.cl/datos/infoprobidad/declaracion_a07ec84fbbbe8c57ef24660ef14be1e1",1223720,2024-04-10 00:00:00,"JORGE ARMANDO","CHAMORRO","CARRASCO","SERVEL CANDIDATOS A ELECCIONES","PRESENTACIÓN A REQUERIMIENTO DE ÓRGANO FISCALIZADOR","CANDIDATO A ELECCIONES PRIMARIAS ALCALDE 2024","ALCALDE"
"http://datos.cplt.cl/datos/infoprobidad/declaracion_a0eb37369d3bdeb4bc263abf21adb30d",1224433,2024-04-11 00:00:00,"GABRIEL ","MONTECINOS","MONTECINOS","SERVEL CANDIDATOS A ELECCIONES","PRESENTACIÓN A REQUERIMIENTO DE ÓRGANO FISCALIZADOR","CANDIDATO A ELECCIONES PRIMARIAS ALCALDE 2024","ALCALDE"
"http://datos.cplt.cl/datos/infoprobidad/declaracion_a282f51ab7f7d7e76993473f3becabab",1223628,2024-04-10 00:00:00,"HECTOR TEODORO","HIDALGO","TORRES","SERVEL CANDIDATOS A ELECCIONES","PRESENTACIÓN A REQUERIMIENTO DE ÓRGANO FISCALIZADOR","CANDIDATO A ELECCIONES PRIMARIAS ALCALDE 2024","ALCALDE"
"http://datos.cplt.cl/datos/infoprobidad/declaracion_a3c7101a600b759cf91fd8beddf49219",1221056,2024-04-05 00:00:00,"LENIN LISANDRO","FUENTES","BARROS","SERVEL CANDIDATOS A ELECCIONES","PRESENTACIÓN A REQUERIMIENTO DE ÓRGANO FISCALIZADOR","CANDIDATO A ELECCIONES PRIMARIAS ALCALDE 2024","ALCALDE"
"http://datos.cplt.cl/datos/infoprobidad/declaracion_a4a6c577a858288cc171b492c9415ffc",1223847,2024-04-10 00:00:00,"MANUEL ALEJANDRO","JARA ","VARGAS","SERVEL CANDIDATOS A ELECCIONES","PRESENTACIÓN A REQUERIMIENTO DE ÓRGANO FISCALIZADOR","CANDIDATO A ELECCIONES PRIMARIAS ALCALDE 2024","ALCALDE"
"http://datos.cplt.cl/datos/infoprobidad/declaracion_a974c1b22bb0be39409a7a8577612848",1223259,2024-04-09 00:00:00,"CAMILO NICOLÁS","KONG","PINEDA","SERVEL CANDIDATOS A ELECCIONES","PRESENTACIÓN A REQUERIMIENTO DE ÓRGANO FISCALIZADOR","CANDIDATO A ELECCIONES PRIMARIAS ALCALDE 2024","ALCALDE"
"http://datos.cplt.cl/datos/infoprobidad/declaracion_ad83fbe966d8a7c9a6abf6f3310ef367",1218995,2024-04-08 00:00:00,"CARLOS","WARD","EDWARDS","SERVEL CANDIDATOS A ELECCIONES","PRESENTACIÓN A REQUERIMIENTO DE ÓRGANO FISCALIZADOR","CANDIDATO A ELECCIONES PRIMARIAS ALCALDE 2024","ALCALDE"
"http://datos.cplt.cl/datos/infoprobidad/declaracion_afa78dc9f7a7df6468a3d1ac6c974f73",1222863,2024-04-09 00:00:00,"LUIS ALBERTO","COULON","LÓPEZ","SERVEL CANDIDATOS A ELECCIONES","PRESENTACIÓN A REQUERIMIENTO DE ÓRGANO FISCALIZADOR","CANDIDATO A ELECCIONES PRIMARIAS ALCALDE 2024","ALCALDE"
"http://datos.cplt.cl/datos/infoprobidad/declaracion_b3d16ecb6a48213e42978cb848e95c3c",1220346,2024-04-08 00:00:00,"MARGOT DEL CARMEN","CARDENAS","SANDOVAL","SERVEL CANDIDATOS A ELECCIONES","PRESENTACIÓN A REQUERIMIENTO DE ÓRGANO FISCALIZADOR","CANDIDATO A ELECCIONES PRIMARIAS ALCALDE 2024","ALCALDE"
"http://datos.cplt.cl/datos/infoprobidad/declaracion_b653eec63c2d00f0fdb2fb019e9808b8",1221238,2024-04-06 00:00:00,"RODRIGO FERNANDO","VALDIVIA","ORIAS","SERVEL CANDIDATOS A ELECCIONES","PRESENTACIÓN A REQUERIMIENTO DE ÓRGANO FISCALIZADOR","CANDIDATO A ELECCIONES PRIMARIAS ALCALDE 2024","ALCALDE"
"http://datos.cplt.cl/datos/infoprobidad/declaracion_b9074f453f514942abaf532657355b87",1223299,2024-04-10 00:00:00,"CATALINA","MAGAÑA ","ITURRIAGA","SERVEL CANDIDATOS A ELECCIONES","PRESENTACIÓN A REQUERIMIENTO DE ÓRGANO FISCALIZADOR","CANDIDATO A ELECCIONES PRIMARIAS ALCALDE 2024","ALCALDE"
"http://datos.cplt.cl/datos/infoprobidad/declaracion_bb0c6a618f2198ab5e7be7c531711e21",1224522,2024-04-11 00:00:00,"FRANCISCO JAVIER","YÉVENES","NÚÑEZ","SERVEL CANDIDATOS A ELECCIONES","PRESENTACIÓN A REQUERIMIENTO DE ÓRGANO FISCALIZADOR","CANDIDATO A ELECCIONES PRIMARIAS ALCALDE 2024","ALCALDE"
"http://datos.cplt.cl/datos/infoprobidad/declaracion_bbac025d4e875d379725ba01ef23f829",1224381,2024-04-11 00:00:00,"XIMENA ADRIANA","LLAMÍN","HUEICHÁN","SERVEL CANDIDATOS A ELECCIONES","PRESENTACIÓN A REQUERIMIENTO DE ÓRGANO FISCALIZADOR","CANDIDATO A ELECCIONES PRIMARIAS ALCALDE 2024","ALCALDE"
"http://datos.cplt.cl/datos/infoprobidad/declaracion_bfda065588b926ef5899d333f81d85ca",1212446,2024-04-04 00:00:00,"CONSTANZA RAQUEL","VALENZUELA","ROCUANT","SERVEL CANDIDATOS A ELECCIONES","PRESENTACIÓN A REQUERIMIENTO DE ÓRGANO FISCALIZADOR","CANDIDATO A ELECCIONES PRIMARIAS ALCALDE 2024","ALCALDE"
"http://datos.cplt.cl/datos/infoprobidad/declaracion_c62ad62beb950254711d606fca647ce9",1223116,2024-04-09 00:00:00,"RAYEN ALFONSINA","POJOMOVSKY","ALISTE","SERVEL CANDIDATOS A ELECCIONES","PRESENTACIÓN A REQUERIMIENTO DE ÓRGANO FISCALIZADOR","CANDIDATO A ELECCIONES PRIMARIAS ALCALDE 2024","ALCALDE"
"http://datos.cplt.cl/datos/infoprobidad/declaracion_c6677879f798835c5fdd8093dc30426b",1216454,2024-04-09 00:00:00,"ARIEL","GÓMEZ","MUÑOZ","SERVEL CANDIDATOS A ELECCIONES","PRESENTACIÓN A REQUERIMIENTO DE ÓRGANO FISCALIZADOR","CANDIDATO A ELECCIONES PRIMARIAS ALCALDE 2024","ALCALDE"
"http://datos.cplt.cl/datos/infoprobidad/declaracion_c6b071cea4f67383f3b9e207b6e13c9c",1222220,2024-04-08 00:00:00,"LUIS ALBERTO","MARTÍNEZ","GALLARDO","SERVEL CANDIDATOS A ELECCIONES","PRESENTACIÓN A REQUERIMIENTO DE ÓRGANO FISCALIZADOR","CANDIDATO A ELECCIONES PRIMARIAS ALCALDE 2024","ALCALDE"
"http://datos.cplt.cl/datos/infoprobidad/declaracion_c9660641bd6a66497b496fe5373967a6",1223801,2024-04-10 00:00:00,"LAURA LORETO","MARTINEZ","BALCARZEL","SERVEL CANDIDATOS A ELECCIONES","PRESENTACIÓN A REQUERIMIENTO DE ÓRGANO FISCALIZADOR","CANDIDATO A ELECCIONES PRIMARIAS ALCALDE 2024","ALCALDE"
"http://datos.cplt.cl/datos/infoprobidad/declaracion_d5e7480ecef5499131a587bddd7825c2",1222562,2024-04-08 00:00:00,"MAURICIO ANTONIO","TORRES","FERRADA","SERVEL CANDIDATOS A ELECCIONES","PRESENTACIÓN A REQUERIMIENTO DE ÓRGANO FISCALIZADOR","CANDIDATO A ELECCIONES PRIMARIAS ALCALDE 2024","ALCALDE"
"http://datos.cplt.cl/datos/infoprobidad/declaracion_d74a891a6242ae790aec2ae9e134ac24",1223049,2024-04-09 00:00:00,"TAMARA","AGUILERA","CARTAGENA","SERVEL CANDIDATOS A ELECCIONES","PRESENTACIÓN A REQUERIMIENTO DE ÓRGANO FISCALIZADOR","CANDIDATO A ELECCIONES PRIMARIAS ALCALDE 2024","ALCALDE"
"http://datos.cplt.cl/datos/infoprobidad/declaracion_d7dd346fc24cb42d2422c5e0e1a31dc4",1223202,2024-04-09 00:00:00,"PATRICIA ALEJANDRA","QUIROZ","PEHUENCHE","SERVEL CANDIDATOS A ELECCIONES","PRESENTACIÓN A REQUERIMIENTO DE ÓRGANO FISCALIZADOR","CANDIDATO A ELECCIONES PRIMARIAS ALCALDE 2024","ALCALDE"
"http://datos.cplt.cl/datos/infoprobidad/declaracion_dc280da8b5872ef659830256c3473cd7",1219488,2024-04-06 00:00:00,"AGUSTIN IGNACIO","IGLESIAS","MUÑOZ","SERVEL CANDIDATOS A ELECCIONES","PRESENTACIÓN A REQUERIMIENTO DE ÓRGANO FISCALIZADOR","CANDIDATO A ELECCIONES PRIMARIAS ALCALDE 2024","ALCALDE"
"http://datos.cplt.cl/datos/infoprobidad/declaracion_df290f9c4b62db8d7a75906d4910358d",1224376,2024-04-11 00:00:00,"RODRIGO ANTONIO","LAGOS","FUENTES","SERVEL CANDIDATOS A ELECCIONES","PRESENTACIÓN A REQUERIMIENTO DE ÓRGANO FISCALIZADOR","CANDIDATO A ELECCIONES PRIMARIAS ALCALDE 2024","ALCALDE"
"http://datos.cplt.cl/datos/infoprobidad/declaracion_dfd1f0b6db15f88bd0e5cd32d5f0b26b",1224354,2024-04-11 00:00:00,"JUAN CARLOS","FIGUEROA","URRUTIA","SERVEL CANDIDATOS A ELECCIONES","PRESENTACIÓN A REQUERIMIENTO DE ÓRGANO FISCALIZADOR","CANDIDATO A ELECCIONES PRIMARIAS ALCALDE 2024","ALCALDE"
"http://datos.cplt.cl/datos/infoprobidad/declaracion_e0ef7b60144b50f0da5446892eacfbf9",1221226,2024-04-06 00:00:00,"JAVIER ESTEBAN","NOVOA","ULLOA","SERVEL CANDIDATOS A ELECCIONES","PRESENTACIÓN A REQUERIMIENTO DE ÓRGANO FISCALIZADOR","CANDIDATO A ELECCIONES PRIMARIAS ALCALDE 2024","ALCALDE"
"http://datos.cplt.cl/datos/infoprobidad/declaracion_e338176acaed6ab9b50d9a6fb63ca4d1",1219268,2024-04-03 00:00:00,"BANS RAMIRO","PUINAO","CARIMONEY","SERVEL CANDIDATOS A ELECCIONES","PRESENTACIÓN A REQUERIMIENTO DE ÓRGANO FISCALIZADOR","CANDIDATO A ELECCIONES PRIMARIAS ALCALDE 2024","ALCALDE"
"http://datos.cplt.cl/datos/infoprobidad/declaracion_e9a0d8d9d282e2226c47f666b15d2e32",1224092,2024-04-10 00:00:00,"ERICK","GONZALEZ","MOYANO","SERVEL CANDIDATOS A ELECCIONES","PRESENTACIÓN A REQUERIMIENTO DE ÓRGANO FISCALIZADOR","CANDIDATO A ELECCIONES PRIMARIAS ALCALDE 2024","ALCALDE"
"http://datos.cplt.cl/datos/infoprobidad/declaracion_e9c3f6b39e937659dd7ba1c648447579",1221810,2024-04-08 00:00:00,"KARLA ELIZABETH","RUBILAR","BARAHONA","SERVEL CANDIDATOS A ELECCIONES","PRESENTACIÓN A REQUERIMIENTO DE ÓRGANO FISCALIZADOR","CANDIDATO A ELECCIONES PRIMARIAS ALCALDE 2024","ALCALDE"
"http://datos.cplt.cl/datos/infoprobidad/declaracion_ebfddda6970a171c5a22910908743187",1223174,2024-04-09 00:00:00,"NICOLAS ALEJANDRO","HURTADO","ACUÑA","SERVEL CANDIDATOS A ELECCIONES","PRESENTACIÓN A REQUERIMIENTO DE ÓRGANO FISCALIZADOR","CANDIDATO A ELECCIONES PRIMARIAS ALCALDE 2024","ALCALDE"
"http://datos.cplt.cl/datos/infoprobidad/declaracion_f9048d1d75d0577c040d6ff9a9c2dc11",1223588,2024-04-10 00:00:00,"REBECA DEL ROSARIO","ASENJO","JARAMILLO","SERVEL CANDIDATOS A ELECCIONES","PRESENTACIÓN A REQUERIMIENTO DE ÓRGANO FISCALIZADOR","CANDIDATO A ELECCIONES PRIMARIAS ALCALDE 2024","ALCALDE"
"http://datos.cplt.cl/datos/infoprobidad/declaracion_ffab8e839aff37a46d917793261f6ed9",1223290,2024-04-10 00:00:00,"PABLO ESTEBAN","ROJAS","DAYDI","SERVEL CANDIDATOS A ELECCIONES","PRESENTACIÓN A REQUERIMIENTO DE ÓRGANO FISCALIZADOR","CANDIDATO A ELECCIONES PRIMARIAS ALCALDE 2024","ALCALDE"
"http://datos.cplt.cl/datos/infoprobidad/declaracion_1657210f21a7242ced618405f1e70060",1224031,2024-04-10 00:00:00,"ROBERTO FERNANDO","PINO","SEGUEL","SERVEL CANDIDATOS A ELECCIONES","ACTUALIZACIÓN VOLUNTARIA","CANDIDATO A ELECCIONES PRIMARIAS ALCALDE 2024","ALCALDE"
"http://datos.cplt.cl/datos/infoprobidad/declaracion_5f2255c585c1873f476eca7ae0767178",1221090,2024-04-05 00:00:00,"PAMELA ALEJANDRA","ALVAREZ","MORALES","SERVEL CANDIDATOS A ELECCIONES","ACTUALIZACIÓN VOLUNTARIA","CANDIDATO A ELECCIONES PRIMARIAS ALCALDE 2024","ALCALDE"
"http://datos.cplt.cl/datos/infoprobidad/declaracion_688bc9900c3cd729a78295c5bd5f528e",1221901,2024-04-08 00:00:00,"CARLOS","ADASME","GODOY","SERVEL CANDIDATOS A ELECCIONES","ACTUALIZACIÓN VOLUNTARIA","CANDIDATO A ELECCIONES PRIMARIAS ALCALDE 2024","ALCALDE"
"http://datos.cplt.cl/datos/infoprobidad/declaracion_81156171e518cc1d8e28548439d078db",1223233,2024-04-09 00:00:00,"MIGUEL ANDRES","CONCHA ","MANSO","SERVEL CANDIDATOS A ELECCIONES","ACTUALIZACIÓN VOLUNTARIA","CANDIDATO A ELECCIONES PRIMARIAS ALCALDE 2024","ALCALDE"
"http://datos.cplt.cl/datos/infoprobidad/declaracion_aaf9b312eef131163864b999d7e85f33",1223707,2024-04-10 00:00:00,"JORGE PATRICIO","RUMINOT","VILLENAS","SERVEL CANDIDATOS A ELECCIONES","ACTUALIZACIÓN VOLUNTARIA","CANDIDATO A ELECCIONES PRIMARIAS ALCALDE 2024","ALCALDE"
"http://datos.cplt.cl/datos/infoprobidad/declaracion_b6450b4857244a32fa26837098cb08e9",1223228,2024-04-10 00:00:00,"ROSANA DE LOURDES","ADAROS","PASTEN","SERVEL CANDIDATOS A ELECCIONES","ACTUALIZACIÓN VOLUNTARIA","CANDIDATO A ELECCIONES PRIMARIAS ALCALDE 2024","ALCALDE"
"http://datos.cplt.cl/datos/infoprobidad/declaracion_ce1f039ba4d357ddc73a46a9470814ed",1224106,2024-04-10 00:00:00,"CAMILA TATIANA","NIETO","HERNANDEZ","SERVEL CANDIDATOS A ELECCIONES","ACTUALIZACIÓN VOLUNTARIA","CANDIDATO A ELECCIONES PRIMARIAS ALCALDE 2024","ALCALDE"
"http://datos.cplt.cl/datos/infoprobidad/declaracion_059ac0bd8f2b99d70c1c55ba47d516c9",1223752,2024-04-10 00:00:00,"VERÓNICA NOELIA","AGUILAR","MARTÍNEZ","SERVEL CANDIDATOS A ELECCIONES","DECLARACIÓN VOLUNTARIA","CANDIDATO A ELECCIONES PRIMARIAS ALCALDE 2024","ALCALDE"
"http://datos.cplt.cl/datos/infoprobidad/declaracion_2539602cbc92239aaea098a26b903109",1220749,2024-04-09 00:00:00,"CLAUDIA ALICIA","ZAPATA","RAMIREZ","SERVEL CANDIDATOS A ELECCIONES","DECLARACIÓN VOLUNTARIA","CANDIDATO A ELECCIONES PRIMARIAS ALCALDE 2024","ALCALDE"
"http://datos.cplt.cl/datos/infoprobidad/declaracion_2caeed333e4906da73d6fd06f715d932",1223238,2024-04-09 00:00:00,"ALBERTO RENE","RAMIREZ","VEGA","SERVEL CANDIDATOS A ELECCIONES","DECLARACIÓN VOLUNTARIA","CANDIDATO A ELECCIONES PRIMARIAS ALCALDE 2024","ALCALDE"
"http://datos.cplt.cl/datos/infoprobidad/declaracion_351bb879c5ff972de30bb8c0845898ad",1223416,2024-04-09 00:00:00,"OMAR GABRIEL","VALDIVIA","ALVAREZ","SERVEL CANDIDATOS A ELECCIONES","DECLARACIÓN VOLUNTARIA","CANDIDATO A ELECCIONES PRIMARIAS ALCALDE 2024","ALCALDE"
"http://datos.cplt.cl/datos/infoprobidad/declaracion_403743488793bf82f1c624025e9c3de5",1224259,2024-04-11 00:00:00,"MACARENA","FERNANDEZ ","DONOSO","SERVEL CANDIDATOS A ELECCIONES","DECLARACIÓN VOLUNTARIA","CANDIDATO A ELECCIONES PRIMARIAS ALCALDE 2024","ALCALDE"
"http://datos.cplt.cl/datos/infoprobidad/declaracion_422f42562350e439a19ab1933f0b4ada",1221905,2024-04-10 00:00:00,"DANERITT JAEL","FAÚNDEZ","CORNEJO","SERVEL CANDIDATOS A ELECCIONES","DECLARACIÓN VOLUNTARIA","CANDIDATO A ELECCIONES PRIMARIAS ALCALDE 2024","ALCALDE"
"http://datos.cplt.cl/datos/infoprobidad/declaracion_51289eeaf18394d88f9d80732608b7a1",1224068,2024-04-10 00:00:00,"PATRICIO MARCELO","MORALES","PINTO","SERVEL CANDIDATOS A ELECCIONES","DECLARACIÓN VOLUNTARIA","CANDIDATO A ELECCIONES PRIMARIAS ALCALDE 2024","ALCALDE"
"http://datos.cplt.cl/datos/infoprobidad/declaracion_51cfd609ab29843f6ffd50abd9f12678",1223431,2024-04-10 00:00:00,"SEGUNDO MARTÍN","SALAZAR","CARVAJAL","SERVEL CANDIDATOS A ELECCIONES","DECLARACIÓN VOLUNTARIA","CANDIDATO A ELECCIONES PRIMARIAS ALCALDE 2024","ALCALDE"
"http://datos.cplt.cl/datos/infoprobidad/declaracion_6998e04a97c1d59979142038d11097ca",1223157,2024-04-09 00:00:00,"PEDRO EMILIO","ARAYA","COROMINAS","SERVEL CANDIDATOS A ELECCIONES","DECLARACIÓN VOLUNTARIA","CANDIDATO A ELECCIONES PRIMARIAS ALCALDE 2024","ALCALDE"
"http://datos.cplt.cl/datos/infoprobidad/declaracion_6b614e43e30a03b934bde0ff0fd2ef62",1224138,2024-04-10 00:00:00,"GABRIELA","ORFALI","ABUD","SERVEL CANDIDATOS A ELECCIONES","DECLARACIÓN VOLUNTARIA","CANDIDATO A ELECCIONES PRIMARIAS ALCALDE 2024","ALCALDE"
"http://datos.cplt.cl/datos/infoprobidad/declaracion_6fc55f3929c4397a711c3e0aa6d2bb89",1221914,2024-04-08 00:00:00,"GASTON FELIPE","MUÑOZ","RIEGO","SERVEL CANDIDATOS A ELECCIONES","DECLARACIÓN VOLUNTARIA","CANDIDATO A ELECCIONES PRIMARIAS ALCALDE 2024","ALCALDE"
"http://datos.cplt.cl/datos/infoprobidad/declaracion_704c6704ff90bbec3287eacc0b1c0621",1223998,2024-04-10 00:00:00,"VALENTINA","CACERES","MONSALVEZ","SERVEL CANDIDATOS A ELECCIONES","DECLARACIÓN VOLUNTARIA","CANDIDATO A ELECCIONES PRIMARIAS ALCALDE 2024","ALCALDE"
"http://datos.cplt.cl/datos/infoprobidad/declaracion_846f571c1b88628e972f1b110feb35b1",1173607,2024-03-26 00:00:00,"CARLOS","PINO","BENAVIDES","SERVEL CANDIDATOS A ELECCIONES","DECLARACIÓN VOLUNTARIA","CANDIDATO A ELECCIONES PRIMARIAS ALCALDE 2024","ALCALDE"
"http://datos.cplt.cl/datos/infoprobidad/declaracion_87115c3f7809febc9377beaf31644b2f",1223997,2024-04-10 00:00:00,"CARLOS ALBERTO","CASTRO","ROMERO","SERVEL CANDIDATOS A ELECCIONES","DECLARACIÓN VOLUNTARIA","CANDIDATO A ELECCIONES PRIMARIAS ALCALDE 2024","ALCALDE"
"http://datos.cplt.cl/datos/infoprobidad/declaracion_8cecd48a0cc0a82daf4f56a9c2140d9b",1224016,2024-04-10 00:00:00,"CAMILO ALEJANDRO","ARAYA","PLAZA","SERVEL CANDIDATOS A ELECCIONES","DECLARACIÓN VOLUNTARIA","CANDIDATO A ELECCIONES PRIMARIAS ALCALDE 2024","ALCALDE"
"http://datos.cplt.cl/datos/infoprobidad/declaracion_92d4510f447448d5bc538e936eeedc02",1221990,2024-04-08 00:00:00,"JORGE LUIS","ALFARO","ACEVEDO","SERVEL CANDIDATOS A ELECCIONES","DECLARACIÓN VOLUNTARIA","CANDIDATO A ELECCIONES PRIMARIAS ALCALDE 2024","ALCALDE"
"http://datos.cplt.cl/datos/infoprobidad/declaracion_93e126ee0678da7614430f8770680d95",1222002,2024-04-08 00:00:00,"MICHAEL ERIC CÉSAR","CONCHA","SALVO","SERVEL CANDIDATOS A ELECCIONES","DECLARACIÓN VOLUNTARIA","CANDIDATO A ELECCIONES PRIMARIAS ALCALDE 2024","ALCALDE"
"http://datos.cplt.cl/datos/infoprobidad/declaracion_96a51de97dd409837af342fa30863072",1223893,2024-04-10 00:00:00,"GLENDA LORENA ","BAHAMONDES","VIDAL","SERVEL CANDIDATOS A ELECCIONES","DECLARACIÓN VOLUNTARIA","CANDIDATO A ELECCIONES PRIMARIAS ALCALDE 2024","ALCALDE"
"http://datos.cplt.cl/datos/infoprobidad/declaracion_9f409023394cac6b304cb4d86ad3d453",1222807,2024-04-09 00:00:00,"JONATHAN MOISES","VASQUEZ","LEON","SERVEL CANDIDATOS A ELECCIONES","DECLARACIÓN VOLUNTARIA","CANDIDATO A ELECCIONES PRIMARIAS ALCALDE 2024","ALCALDE"
"http://datos.cplt.cl/datos/infoprobidad/declaracion_a4462f17c4cc359e812638e0f9b08359",1219283,2024-04-03 00:00:00,"MIGUEL ANGEL","GODOY","NORIEGA","SERVEL CANDIDATOS A ELECCIONES","DECLARACIÓN VOLUNTARIA","CANDIDATO A ELECCIONES PRIMARIAS ALCALDE 2024","ALCALDE"
"http://datos.cplt.cl/datos/infoprobidad/declaracion_ad2f801e84b2485b6e8c6104ebb6a9a5",1223552,2024-04-10 00:00:00,"EDITA ESTHER  ","MANSILLA","BARRIA","SERVEL CANDIDATOS A ELECCIONES","DECLARACIÓN VOLUNTARIA","CANDIDATO A ELECCIONES PRIMARIAS ALCALDE 2024","ALCALDE"
"http://datos.cplt.cl/datos/infoprobidad/declaracion_b86ee4ff46963d77918938b81520a0aa",1214434,2024-04-07 00:00:00,"CATALINA ANDREA","POZO","LAGOS","SERVEL CANDIDATOS A ELECCIONES","DECLARACIÓN VOLUNTARIA","CANDIDATO A ELECCIONES PRIMARIAS ALCALDE 2024","ALCALDE"
"http://datos.cplt.cl/datos/infoprobidad/declaracion_c213ac436c2e8e396d737a7bab7f6021",1223799,2024-04-10 00:00:00,"CAROLINA","SOTO","TAPIA","SERVEL CANDIDATOS A ELECCIONES","DECLARACIÓN VOLUNTARIA","CANDIDATO A ELECCIONES PRIMARIAS ALCALDE 2024","ALCALDE"
"http://datos.cplt.cl/datos/infoprobidad/declaracion_dc2267cc0ec4d372d0df33151cc110b1",1168647,2024-04-07 00:00:00,"CARLOS ANTONIO","MAUREIRA","NAVARRETE","SERVEL CANDIDATOS A ELECCIONES","DECLARACIÓN VOLUNTARIA","CANDIDATO A ELECCIONES PRIMARIAS ALCALDE 2024","ALCALDE"
"http://datos.cplt.cl/datos/infoprobidad/declaracion_de1f9428658fcfec3aa9aade33bc8ebb",1222227,2024-04-09 00:00:00,"CAROLINA ANDREA","LOREN","VÁSQUEZ","SERVEL CANDIDATOS A ELECCIONES","DECLARACIÓN VOLUNTARIA","CANDIDATO A ELECCIONES PRIMARIAS ALCALDE 2024","ALCALDE"
"http://datos.cplt.cl/datos/infoprobidad/declaracion_eadefff27c462afd16e9e154e63558bc",1220830,2024-04-05 00:00:00,"ENRIQUE ALEXANDER","SOTO","GUERRERO","SERVEL CANDIDATOS A ELECCIONES","DECLARACIÓN VOLUNTARIA","CANDIDATO A ELECCIONES PRIMARIAS ALCALDE 2024","ALCALDE"
"http://datos.cplt.cl/datos/infoprobidad/declaracion_f17160cd2b487d2c719c20cde5a670e6",1219266,2024-04-03 00:00:00,"ROBERTO ANTONIO","ROSAS","CASAS","SERVEL CANDIDATOS A ELECCIONES","DECLARACIÓN VOLUNTARIA","CANDIDATO A ELECCIONES PRIMARIAS ALCALDE 2024","ALCALDE"
"http://datos.cplt.cl/datos/infoprobidad/declaracion_f83b2904e709b7611230234cbb5811a2",1223427,2024-04-09 00:00:00,"CAMILA","ORTIZ","CACERES","SERVEL CANDIDATOS A ELECCIONES","DECLARACIÓN VOLUNTARIA","CANDIDATO A ELECCIONES PRIMARIAS ALCALDE 2024","ALCALDE"
"http://datos.cplt.cl/datos/infoprobidad/declaracion_fbaf4e3684a8fd6f8617c9b5afe62478",1223500,2024-04-10 00:00:00,"LUIS WLADIMIR","CARRILLO","MERCADO","SERVEL CANDIDATOS A ELECCIONES","DECLARACIÓN VOLUNTARIA","CANDIDATO A ELECCIONES PRIMARIAS ALCALDE 2024","ALCALDE"
"http://datos.cplt.cl/datos/infoprobidad/declaracion_fc8a5034aec5427ce19aaf9f4ace6497",1221350,2024-04-06 00:00:00,"LUIS EDUARDO","ESCANILLA","GAETE","SERVEL CANDIDATOS A ELECCIONES","DECLARACIÓN VOLUNTARIA","CANDIDATO A ELECCIONES PRIMARIAS ALCALDE 2024","ALCALDE"
